City_ID,City,Cloudiness,Country,Date,Humidity,Lat,Lng,Max Temp,Wind Speed
0,busselton,36,AU,1522444017,100,-33.64,115.35,64.59,20.15
1,atuona,68,PF,1522444017,100,-9.8,-139.03,79.66,9.08
2,hobart,75,AU,1522441800,76,-42.88,147.33,50.0,5.82
3,cape town,20,ZA,1522440000,82,-33.93,18.42,62.6,10.29
4,henties bay,0,NA,1522444018,98,-22.12,14.28,63.91,4.72
5,saint-philippe,90,CA,1522443300,75,45.36,-73.48,48.2,6.93
6,vaini,32,IN,1522444026,94,15.34,74.49,66.43,3.15
7,rikitea,8,PF,1522444019,100,-23.12,-134.97,79.48,10.42
8,mataura,88,NZ,1522444027,91,-46.19,168.86,51.4,20.71
9,ilulissat,76,GL,1522443000,62,69.22,-51.1,19.4,2.59
10,jamestown,12,AU,1522444028,89,-33.21,138.6,46.99,3.94
11,hambantota,12,LK,1522443733,100,6.12,81.12,80.88,6.29
12,cidreira,20,BR,1522443851,88,-30.17,-50.22,74.44,5.84
13,chimbote,32,PE,1522444029,85,-9.08,-78.59,72.28,5.06
14,chuy,48,UY,1522444023,80,-33.69,-53.46,75.52,9.86
15,salekhard,32,RU,1522444031,50,66.54,66.62,-17.5,1.7
16,vostok,32,RU,1522444024,81,46.45,135.83,23.01,1.92
17,russell,0,AR,1522440000,23,-33.01,-68.8,87.8,5.82
18,souillac,0,FR,1522443600,81,45.6,-0.6,44.6,6.93
19,tuktoyaktuk,20,CA,1522440000,70,69.44,-133.03,10.4,8.05
20,juneau,1,US,1522439760,44,58.3,-134.42,41.0,17.22
21,ancud,36,CL,1522444027,75,-41.87,-73.83,59.91,4.38
22,avarua,40,CK,1522440000,83,-21.21,-159.78,84.2,10.29
23,barrow,0,AR,1522444028,42,-38.31,-60.23,78.36,2.93
24,kavieng,20,PG,1522444036,100,-2.57,150.8,83.53,6.62
25,rafaela,12,AR,1522444029,47,-31.25,-61.49,89.2,3.94
26,georgetown,40,GY,1522440000,62,6.8,-58.16,84.2,13.87
27,lavrentiya,92,RU,1522444030,100,65.58,-170.99,32.01,23.85
28,punta arenas,20,CL,1522440000,65,-53.16,-70.91,46.4,29.97
29,sabang,92,PH,1522444039,100,13.72,123.58,73.0,4.72
30,ushuaia,75,AR,1522440000,49,-54.81,-68.31,48.2,23.04
31,thompson,20,CA,1522440000,35,55.74,-97.86,6.8,19.46
32,bredasdorp,92,ZA,1522440000,77,-34.53,20.04,64.4,3.36
33,amapa,20,HN,1522443600,56,15.09,-87.97,93.2,16.11
34,chokurdakh,44,RU,1522444034,45,70.62,147.9,-15.02,7.74
35,albany,90,US,1522443240,65,42.65,-73.75,46.4,19.46
36,bluff,0,AU,1522444035,74,-23.58,149.07,74.53,13.78
37,east london,100,ZA,1522444035,100,-33.02,27.91,68.64,3.94
38,kroonstad,64,ZA,1522444044,95,-27.65,27.24,60.13,5.84
39,yellowknife,75,CA,1522440000,46,62.45,-114.38,8.6,17.22
40,taoudenni,32,ML,1522444045,18,22.68,-3.98,73.41,8.52
41,upernavik,56,GL,1522444046,85,72.79,-56.15,15.76,4.5
42,zyryanka,76,RU,1522444038,71,65.73,150.89,1.36,5.61
43,arraial do cabo,0,BR,1522443600,74,-22.97,-42.02,80.6,6.93
44,biak,92,ID,1522444039,100,-0.91,122.88,71.92,0.81
45,luganville,36,VU,1522444040,100,-15.51,167.18,82.0,0.69
46,khatanga,56,RU,1522444040,76,71.98,102.47,4.96,16.02
47,hithadhoo,88,MV,1522444041,100,-0.6,73.08,85.51,8.19
48,partur,0,IN,1522444041,52,19.59,76.21,67.06,3.83
49,brownsville,75,US,1522441140,61,25.91,-97.49,82.4,10.29
50,marfino,40,RU,1522441800,73,56.07,37.56,26.6,8.95
51,yenagoa,0,NG,1522443970,93,4.92,6.26,76.69,7.07
52,sao gabriel da cachoeira,92,BR,1522444051,97,-0.13,-67.09,76.06,2.59
53,nouadhibou,20,MR,1522440000,82,20.93,-17.03,66.2,6.93
54,comodoro rivadavia,40,AR,1522440000,35,-45.87,-67.48,71.6,17.22
55,dvinskoy,0,RU,1522444045,83,62.16,45.12,16.03,5.95
56,saldanha,68,PT,1522444045,95,41.42,-6.55,39.52,16.13
57,mountain home,90,US,1522439880,33,43.13,-115.69,62.6,9.17
58,lazaro cardenas,5,MX,1522439040,9,28.39,-105.62,80.6,14.99
59,hasaki,20,JP,1522441800,100,35.73,140.83,39.2,1.12
60,nikolskoye,0,RU,1522441800,62,59.7,30.79,23.0,2.24
61,palermo,40,CO,1522440000,49,2.89,-75.43,91.4,3.36
62,wembley,90,GB,1522443000,93,51.55,-0.3,42.8,12.75
63,ponta do sol,32,BR,1522444049,56,-20.63,-46.0,77.14,2.93
64,mar del plata,32,AR,1522444049,36,-46.43,-67.52,68.32,13.22
65,umm kaddadah,0,SD,1522444050,15,13.6,26.69,75.61,12.44
66,poykovskiy,8,RU,1522441800,55,61.23,73.33,8.6,8.95
67,atar,12,MR,1522444058,74,20.52,-13.05,67.96,11.21
68,florence,75,US,1522440900,51,34.8,-87.68,60.8,5.82
69,vestmanna,76,FO,1522443000,100,62.16,-7.17,32.0,9.98
70,taltal,0,CL,1522444060,71,-25.41,-70.49,68.86,4.05
71,puerto ayacucho,40,CO,1522440000,49,5.66,-67.63,91.4,11.41
72,khalkhal,64,IR,1522444054,94,37.62,48.53,39.66,0.81
73,qaqortoq,8,GL,1522443000,37,60.72,-46.03,37.4,5.82
74,jiamusi,56,CN,1522444055,61,46.81,130.37,33.09,8.75
75,owensboro,40,US,1522442100,50,37.77,-87.11,57.2,12.75
76,ribeira grande,75,PT,1522440000,82,38.52,-28.7,62.6,20.8
77,san patricio,32,PY,1522444056,78,-26.98,-56.83,81.51,1.92
78,llangefni,80,GB,1522439400,81,53.26,-4.31,42.8,9.17
79,new norfolk,75,AU,1522441800,76,-42.78,147.06,50.0,5.82
80,coquimbo,75,CL,1522440000,82,-29.95,-71.34,59.0,11.41
81,port alfred,80,ZA,1522443862,100,-33.59,26.89,66.03,6.17
82,bubaque,0,GW,1522440000,65,11.28,-15.83,82.4,11.41
83,lasa,20,CY,1522443600,87,34.92,32.53,59.0,6.93
84,nemuro,0,JP,1522444059,95,43.32,145.57,35.29,14.9
85,tuatapere,24,NZ,1522444059,100,-46.13,167.69,52.08,20.15
86,pevek,64,RU,1522444061,82,69.7,170.27,16.39,9.42
87,monrovia,20,LR,1522441800,88,6.33,-10.8,80.6,7.74
88,dobson,75,US,1522443300,61,36.4,-80.72,68.0,19.46
89,greensburg,1,US,1522443180,37,30.83,-90.67,73.4,9.17
90,farah,0,AF,1522444070,46,32.37,62.11,62.74,2.71
91,hermanus,48,ZA,1522443883,100,-34.42,19.24,55.99,3.6
92,tasiilaq,0,GL,1522443000,67,65.61,-37.64,23.0,2.24
93,praia da vitoria,20,PT,1522440000,77,38.73,-27.07,62.6,25.3
94,charters towers,12,AU,1522444065,81,-20.07,146.27,74.26,10.09
95,zholymbet,0,KZ,1522444073,61,51.74,71.71,0.73,5.84
96,bambous virieux,75,MU,1522440000,83,-20.34,57.76,80.6,9.17
97,cowra,0,AU,1522444074,82,-33.84,148.69,46.86,2.93
98,inhambane,0,MZ,1522444067,100,-23.87,35.38,74.08,7.07
99,ingham,44,AU,1522444067,96,-18.65,146.16,79.75,10.2
100,lata,0,IN,1522444075,38,30.78,78.62,40.56,3.04
101,sao sebastiao,20,BR,1522440000,74,-3.15,-58.36,86.0,3.36
102,huarmey,32,PE,1522443971,60,-10.07,-78.15,75.39,3.83
103,constitucion,20,MX,1522438920,13,23.99,-104.67,77.0,3.36
104,bilma,0,NE,1522444076,33,18.69,12.92,63.19,5.61
105,vila velha,75,BR,1522443600,83,-3.71,-38.6,80.6,5.82
106,port elizabeth,90,US,1522443300,81,39.31,-74.98,59.0,11.41
107,brae,76,GB,1522443000,74,60.4,-1.35,35.6,3.36
108,barbacena,20,BR,1522440000,64,-21.23,-43.77,73.4,6.93
109,touros,56,BR,1522444072,99,-5.2,-35.46,77.95,8.75
110,gold coast,88,AU,1522440000,94,-28.0,153.41,69.8,5.82
111,siva,20,GR,1522441200,87,35.21,25.04,55.4,6.93
112,ambon,92,FR,1522443600,93,47.55,-2.56,44.6,9.17
113,kaitangata,100,NZ,1522444081,100,-46.28,169.85,53.47,22.06
114,skelleftea,0,SE,1522443000,92,64.75,20.95,14.0,3.36
115,suez,0,EG,1522444075,79,29.97,32.54,54.73,5.5
116,kavaratti,12,IN,1522444075,100,10.57,72.64,84.03,10.98
117,baft,0,IR,1522444083,43,29.23,56.61,35.11,2.71
118,oulu,36,FI,1522443000,78,65.01,25.47,17.6,3.36
119,taonan,64,CN,1522444084,90,45.34,122.78,40.11,4.38
120,fairbanks,1,US,1522439880,79,64.84,-147.72,24.8,5.82
121,talnakh,80,RU,1522444077,81,69.49,88.39,9.1,5.39
122,sao filipe,0,CV,1522444078,96,14.9,-24.5,70.98,13.44
123,celestun,64,MX,1522444078,94,20.87,-90.4,79.26,11.43
124,carnarvon,0,ZA,1522443913,81,-30.97,22.13,47.94,1.25
125,torbay,75,CA,1522440000,65,47.66,-52.73,41.0,8.05
126,tezu,92,IN,1522444079,100,27.93,96.16,52.44,1.59
127,avera,1,US,1522442100,40,33.19,-82.53,71.6,18.34
128,almazar,80,UZ,1522441800,55,40.32,69.01,62.6,11.18
129,roald,0,NO,1522443000,73,62.58,6.12,30.2,2.82
130,padang,92,ID,1522444082,100,-0.92,100.36,79.89,7.63
131,prince rupert,1,CA,1522440000,81,54.32,-130.32,42.8,8.05
132,thinadhoo,8,MV,1522444083,100,0.53,72.93,84.61,8.63
133,faanui,68,PF,1522444083,99,-16.48,-151.75,82.72,12.33
134,bandarbeyla,0,SO,1522444084,100,9.49,50.81,79.71,9.19
135,belmonte,68,PT,1522444084,95,40.36,-7.35,42.09,13.78
136,qaanaaq,0,GL,1522444092,81,77.48,-69.36,-5.12,6.17
137,puerto ayora,20,EC,1522440000,69,-0.74,-90.35,82.4,13.87
138,camopi,88,GF,1522444086,91,3.17,-52.33,77.28,2.37
139,zeya,48,RU,1522444093,60,53.74,127.27,11.62,2.26
140,lebu,0,ET,1522444086,58,8.96,38.73,52.26,5.95
141,gushikawa,40,JP,1522443360,68,26.35,127.87,69.8,14.99
142,provideniya,92,RU,1522444095,95,64.42,-173.23,31.33,21.61
143,roma,20,IT,1522441200,82,41.89,12.48,59.0,2.24
144,yulara,20,AU,1522440000,42,-25.24,130.99,68.0,6.93
145,acajutla,20,SV,1522439400,56,13.59,-89.83,96.8,4.7
146,airai,68,TL,1522443859,95,-8.93,125.41,69.63,1.03
147,kapchorwa,44,UG,1522444098,95,1.4,34.45,60.76,2.15
148,kapaa,40,US,1522442340,78,22.08,-159.32,78.8,14.99
149,guerrero negro,0,MX,1522444009,34,27.97,-114.04,80.2,10.65
150,bontang,88,ID,1522444099,100,0.12,117.47,78.99,2.71
151,kodiak,40,US,1522439580,40,39.95,-94.76,53.6,11.41
152,conway,1,US,1522442100,33,35.09,-92.44,64.4,8.05
153,chapais,1,CA,1522440000,38,49.78,-74.86,24.8,12.75
154,fershampenuaz,0,RU,1522444094,61,53.52,59.82,3.84,5.73
155,katsuura,0,JP,1522444102,93,33.93,134.5,37.41,4.16
156,horsham,0,AU,1522444103,89,-36.71,142.2,44.47,2.82
157,coahuayana,0,MX,1522444096,21,18.62,-100.35,88.26,3.04
158,castro,56,CL,1522444096,80,-42.48,-73.76,57.16,4.27
159,cabo san lucas,40,MX,1522439280,26,22.89,-109.91,82.4,11.41
160,enkoping,0,SE,1522443000,58,59.64,17.08,26.6,4.7
161,batagay,20,RU,1522444097,53,67.65,134.64,-10.7,3.15
162,puro,68,PH,1522444105,100,13.13,123.76,71.61,3.15
163,mangan,92,IN,1522444098,80,27.5,88.54,22.6,1.59
164,kieta,12,PG,1522444084,100,-6.22,155.63,78.85,4.5
165,bageshwar,0,IN,1522444107,58,29.85,79.77,30.97,2.37
166,namibe,0,AO,1522444100,100,-15.19,12.15,78.18,11.54
167,hirado,0,JP,1522444108,100,33.32,129.49,56.94,12.66
168,magadi,40,IN,1522443600,88,12.96,77.22,73.4,4.7
169,hilo,75,US,1522439760,74,19.71,-155.08,78.8,10.29
170,port hedland,32,AU,1522441800,65,-20.31,118.58,82.4,6.93
171,alofi,92,NU,1522444008,100,-19.06,-169.92,81.28,3.04
172,narsaq,44,GL,1522443000,37,60.91,-46.05,37.4,5.82
173,saryozek,88,KZ,1522444111,63,44.36,77.98,49.38,2.93
174,fort nelson,5,CA,1522440000,36,58.81,-122.69,12.2,4.7
175,sindou,32,BF,1522444104,71,10.66,-5.16,80.56,5.17
176,tabou,24,CI,1522444112,99,4.42,-7.36,83.31,8.63
177,aloleng,56,PH,1522444105,100,16.13,119.78,74.98,7.74
178,bethel,1,US,1522439580,63,60.79,-161.76,26.6,5.82
179,kilindoni,0,TZ,1522444107,100,-7.91,39.67,82.41,7.63
180,dikson,36,RU,1522443862,89,73.51,80.55,-3.55,23.85
181,adrar,0,DZ,1522440000,18,27.87,-0.29,78.8,5.82
182,narino,88,CO,1522444109,85,5.61,-75.18,73.14,1.7
183,half moon bay,1,US,1522442400,52,37.46,-122.43,78.8,9.17
184,diveyevo,20,RU,1522444110,74,55.04,43.25,12.16,7.74
185,kosh-agach,56,RU,1522444110,52,49.99,88.66,34.75,23.06
186,salalah,20,OM,1522439400,83,17.01,54.1,78.8,5.73
187,caramay,0,PH,1522444111,100,10.18,119.24,77.19,6.62
188,beringovskiy,76,RU,1522443881,90,63.05,179.32,34.44,17.58
189,mehamn,76,NO,1522444112,90,71.03,27.85,27.78,12.88
190,farafangana,44,MG,1522444112,100,-22.82,47.83,76.96,4.27
191,svetlogorsk,20,RU,1522441800,51,53.14,59.15,14.0,6.71
192,iralaya,20,HN,1522440000,62,15.0,-83.23,89.6,8.05
193,pisco,0,PE,1522440000,65,-13.71,-76.2,77.0,8.05
194,cherskiy,88,RU,1522444114,79,68.75,161.3,8.74,2.71
195,oistins,40,BB,1522440000,74,13.07,-59.53,80.6,4.7
196,mount isa,0,AU,1522440000,72,-20.73,139.49,68.0,3.36
197,mezen,0,RU,1522444115,72,65.85,44.24,1.09,2.26
198,cayenne,90,GF,1522441800,69,4.94,-52.33,82.4,9.17
199,tiarei,40,PF,1522441800,70,-17.53,-149.33,86.0,13.87
200,lehigh acres,1,US,1522439580,54,26.63,-81.62,84.2,12.75
201,yarmouth,75,GB,1522443000,100,50.71,-1.5,39.2,3.36
202,korem,0,ET,1522444117,76,12.51,39.52,48.61,1.36
203,pontiac,1,US,1522442100,28,42.64,-83.29,46.4,3.36
204,barra patuca,0,HN,1522444126,83,15.8,-84.28,82.18,12.77
205,kalabo,68,ZM,1522444119,98,-15.0,22.67,65.98,3.38
206,olinda,40,EC,1522440000,58,-2.03,-79.75,87.8,5.82
207,lokosovo,8,RU,1522444128,72,61.13,74.84,6.22,11.65
208,porto nacional,20,BR,1522440000,83,-10.7,-48.41,82.4,4.7
209,westport,64,IE,1522444129,88,53.8,-9.52,41.23,12.77
210,darhan,0,MN,1522443836,56,49.49,105.92,36.46,5.84
211,ossora,88,RU,1522444130,90,59.24,163.07,22.6,4.38
212,batemans bay,88,AU,1522444123,100,-35.71,150.18,61.57,1.25
213,atambua,36,ID,1522444123,100,-9.11,124.89,76.11,3.6
214,severo-kurilsk,88,RU,1522444132,100,50.68,156.12,28.14,10.2
215,beaufort,75,MY,1522441800,88,5.36,115.76,75.2,5.82
216,san cristobal,75,EC,1522441200,93,-0.39,-78.55,57.2,9.17
217,saint-joseph,20,FR,1522441800,87,43.56,6.97,55.4,5.82
218,grand gaube,75,MU,1522440000,83,-20.01,57.66,80.6,9.17
219,jinji,24,CN,1522444127,100,22.16,112.49,62.56,2.48
220,saskylakh,32,RU,1522444135,60,71.97,114.09,-13.04,11.1
221,nhulunbuy,0,AU,1522442280,100,-12.18,136.78,73.4,4.72
222,berlevag,68,NO,1522443981,100,70.86,29.09,28.23,12.55
223,saint george,0,GR,1522439400,87,39.45,22.34,50.0,4.7
224,acapulco,5,MX,1522439340,58,16.86,-99.88,84.2,8.05
225,ixtapa,40,MX,1522439040,74,20.71,-105.21,78.8,16.11
226,bulancak,36,TR,1522444138,100,40.94,38.23,37.86,1.7
227,wegorzewo,48,PL,1522444131,94,54.22,21.74,29.26,6.73
228,carmarthen,88,GB,1522439400,81,51.86,-4.31,44.6,10.29
229,sorland,12,NO,1522444132,100,67.67,12.69,37.14,15.46
230,mizdah,8,LY,1522444140,25,31.45,12.98,62.11,9.75
231,sicamous,90,CA,1522440240,86,50.84,-118.99,41.0,5.82
232,wajir,68,KE,1522444133,77,1.75,40.07,76.78,3.94
233,abalak,0,NE,1522444134,19,15.46,6.28,76.24,9.42
234,bashtanka,80,UA,1522444134,92,47.4,32.45,37.59,9.75
235,kurtamysh,0,RU,1522444135,79,54.91,64.43,10.59,10.65
236,susangerd,24,IR,1522441800,33,31.56,48.19,71.6,11.41
237,agua dulce,40,MX,1522438980,65,18.14,-94.15,80.6,23.04
238,kirkland lake,75,CA,1522440000,34,48.15,-80.03,33.8,9.17
239,zambezi,56,ZM,1522444137,97,-13.55,23.12,66.52,2.71
240,lima,8,PE,1522444082,64,-12.06,-77.04,70.08,2.59
241,collie,68,AU,1522444145,96,-33.36,116.15,60.4,12.33
242,waipawa,0,NZ,1522444138,65,-39.94,176.59,60.54,6.06
243,weiser,1,US,1522443180,34,44.25,-116.97,64.4,5.82
244,maceio,0,BR,1522443600,94,-9.67,-35.74,73.4,8.41
245,warmbad,0,DE,1522443000,88,50.67,13.08,42.8,8.05
246,leningradskiy,68,RU,1522444140,89,69.38,178.42,26.88,11.65
247,cerrito,40,CO,1522440000,65,6.84,-72.7,80.6,4.7
248,chhatak,0,BD,1522444148,88,25.03,91.67,60.94,2.93
249,presidencia roque saenz pena,80,AR,1522444149,82,-26.79,-60.44,81.33,3.15
250,leh,12,IN,1522443904,61,34.16,77.58,-12.95,0.58
251,aksaray,75,TR,1522441200,87,38.37,34.03,46.4,2.24
252,nueve de julio,0,AR,1522444142,28,-31.67,-68.39,84.84,1.25
253,chara,0,GR,1522443000,87,39.42,22.43,48.2,5.82
254,christchurch,80,NZ,1522441800,55,-43.53,172.64,64.4,9.17
255,kruisfontein,24,ZA,1522444145,95,-34.0,24.73,63.55,2.37
256,victoria,75,BN,1522441800,94,5.28,115.24,75.2,1.59
257,bambanglipuro,48,ID,1522444146,99,-7.95,110.28,71.38,3.71
258,cuamba,80,MZ,1522444147,93,-14.8,36.54,70.3,2.93
259,antalaha,64,MG,1522444132,97,-14.9,50.28,75.21,10.31
260,richards bay,64,ZA,1522443868,85,-28.77,32.06,74.44,9.64
261,longyearbyen,40,NO,1522443000,77,78.22,15.63,1.4,10.29
262,nizwa,0,OM,1522444148,23,22.93,57.53,61.44,3.15
263,scarborough,92,GB,1522443000,93,54.28,-0.41,42.8,14.99
264,bilibino,56,RU,1522444149,82,68.06,166.44,23.64,5.73
265,klyuchi,8,RU,1522444150,67,52.25,79.17,16.12,12.88
266,sumbuya,8,SL,1522444150,64,7.65,-11.96,83.98,6.4
267,cascais,75,PT,1522441800,81,38.7,-9.42,55.4,11.41
268,vao,8,EE,1522444151,86,59.1,26.19,23.91,5.73
269,port-gentil,40,GA,1522440000,83,-0.72,8.78,84.2,8.05
270,aldan,0,RU,1522444152,76,58.61,125.39,-4.76,2.37
271,sakaiminato,0,JP,1522440000,74,35.55,133.23,35.6,5.82
272,quelimane,20,MZ,1522440000,83,-17.88,36.89,80.6,4.7
273,camargo,0,MX,1522444153,8,27.69,-105.17,82.54,11.99
274,saint anthony,40,US,1522439760,40,43.97,-111.68,53.6,24.16
275,ugoofaaru,0,MV,1522444154,100,5.67,73.0,83.8,9.19
276,nago,40,IT,1522441200,71,45.88,10.89,57.2,4.7
277,severo-yeniseyskiy,56,RU,1522444155,65,60.37,93.04,17.2,10.31
278,palmer,20,AU,1522441800,87,-34.85,139.16,51.8,2.71
279,itarema,88,BR,1522444155,90,-2.92,-39.92,79.3,3.94
280,dali,0,CN,1522444156,100,25.6,100.24,40.78,1.7
281,nantucket,90,US,1522442220,100,41.28,-70.1,50.0,10.29
282,fukue,20,JP,1522441800,70,35.03,136.69,44.6,11.41
283,izhma,56,RU,1522444165,67,65.01,53.91,10.18,7.18
284,cabo rojo,5,PR,1522439400,54,18.09,-67.15,78.8,17.22
285,barcelos,40,PT,1522441800,70,41.53,-8.62,53.6,12.75
286,blackwater,90,GB,1522443000,93,51.33,-0.78,42.8,12.75
287,severobaykalsk,44,RU,1522444166,83,55.65,109.32,18.28,2.59
288,klaksvik,56,FO,1522443000,100,62.23,-6.59,32.0,10.2
289,mitu,36,IR,1522444160,95,36.2,46.09,37.63,3.6
290,luderitz,0,NA,1522440000,68,-26.65,15.16,68.0,13.87
291,samarai,24,PG,1522444161,100,-10.62,150.67,83.08,25.19
292,codrington,88,AU,1522444162,96,-28.95,153.24,67.51,3.6
293,nsanje,0,MZ,1522444170,85,-16.92,35.26,77.5,7.85
294,springbok,0,ZA,1522444164,87,-29.67,17.88,53.29,2.71
295,kurilsk,0,RU,1522444165,93,45.23,147.88,30.03,12.66
296,sosnovoborsk,20,RU,1522441800,58,56.12,93.34,26.6,17.9
297,altagracia de orituco,36,VE,1522444167,54,9.86,-66.38,86.01,12.44
298,walvis bay,0,NA,1522440000,82,-22.95,14.51,62.6,4.7
299,ankola,20,IN,1522444169,100,14.67,74.3,76.33,5.73
300,strezhevoy,0,RU,1522441800,70,60.73,77.6,-0.41,6.71
301,tarakan,44,ID,1522444170,100,3.3,117.63,79.03,3.83
302,margate,75,AU,1522441800,76,-43.03,147.26,50.0,5.82
303,norman wells,5,CA,1522440000,42,65.28,-126.83,6.8,4.7
304,caxito,0,BR,1522443600,74,-22.65,-42.51,80.6,6.93
305,butaritari,88,KI,1522443877,100,3.07,172.79,82.63,14.79
306,praia,40,BR,1522440000,45,-20.25,-43.81,82.4,5.82
307,two hills,0,CA,1522444173,84,53.71,-111.75,8.2,8.75
308,san angelo,1,US,1522443060,27,31.46,-100.44,73.4,8.05
309,grootfontein,8,NA,1522444174,95,-19.56,18.1,63.24,3.27
310,vardo,90,US,1522443300,53,39.62,-77.74,55.4,13.87
311,burnie,44,AU,1522444182,100,-41.05,145.91,58.15,7.4
312,sitka,0,US,1522444175,59,37.17,-99.65,61.21,18.81
313,laguna,5,MX,1522439040,20,27.52,-110.01,86.0,10.29
314,kanashevo,0,RU,1522441800,57,55.21,62.07,19.4,13.42
315,mahebourg,75,MU,1522440000,83,-20.41,57.7,80.6,9.17
316,hay river,75,CA,1522440000,46,60.82,-115.79,6.8,16.11
317,puerto colombia,0,CO,1522440000,66,10.99,-74.96,84.2,19.46
318,naples park,20,US,1522439580,61,26.26,-81.81,84.2,14.99
319,san juan evangelista,40,MX,1522438980,65,17.88,-95.14,80.6,23.04
320,san ramon,40,NI,1522440000,51,12.92,-85.84,80.6,11.41
321,medea,20,DZ,1522441800,62,36.27,2.77,57.2,6.93
322,naron,75,ES,1522443600,87,43.52,-8.15,46.4,19.46
323,rawson,0,AR,1522444189,25,-43.3,-65.11,76.6,14.79
324,quesnel,90,CA,1522442400,58,52.98,-122.49,26.6,18.34
325,halifax,90,CA,1522440000,100,44.65,-63.58,48.2,14.99
326,santa fe,20,AR,1522444175,49,-31.62,-60.7,86.32,3.27
327,ende,24,ID,1522444191,100,-8.84,121.65,79.84,3.71
328,iseyin,0,NG,1522444184,77,7.97,3.6,78.54,3.71
329,madimba,75,CM,1522440000,88,4.42,9.93,82.4,2.24
330,las vegas,40,US,1522443360,13,36.17,-115.15,78.8,3.38
331,sur,0,OM,1522443919,76,22.57,59.53,81.46,6.62
332,terny,92,UA,1522444186,100,50.99,33.98,36.37,13.78
333,oksfjord,75,NO,1522443000,74,70.24,22.35,28.4,8.05
334,ferrol,75,ES,1522443600,87,43.48,-8.23,46.4,19.46
335,lagoa,75,PT,1522441800,82,37.14,-8.45,57.2,23.04
336,wilmington,90,US,1522443300,76,39.75,-75.55,53.6,18.34
337,khammam,0,IN,1522444189,91,17.25,80.15,76.24,5.5
338,marabba,36,SD,1522444197,70,12.35,32.18,75.88,4.83
339,inverness,75,GB,1522443000,93,57.48,-4.23,37.4,10.29
340,denpasar,0,ID,1522444190,100,-8.65,115.22,69.63,1.7
341,tiznit,0,MA,1522444191,87,29.7,-9.73,57.97,6.62
342,guymon,75,US,1522443180,54,36.68,-101.48,64.4,25.28
343,valparaiso,40,US,1522442100,42,41.47,-87.06,46.4,4.7
344,griffith,0,AU,1522444192,82,-34.29,146.06,49.96,2.93
345,manoel urbano,36,BR,1522444002,82,-8.84,-69.26,82.27,2.48
346,nome,1,US,1522443300,33,30.04,-94.42,77.0,6.93
347,kayerkan,80,RU,1522444201,85,69.35,87.76,8.34,11.88
348,sapele,12,NG,1522443921,73,5.89,5.68,82.72,5.84
349,nelson bay,90,AU,1522441800,88,-32.72,152.14,71.6,11.41
350,verkhnetulomskiy,40,RU,1522441800,53,68.61,31.8,24.8,2.24
351,manutuke,8,NZ,1522444196,92,-38.68,177.91,61.21,5.39
352,tiksi,0,RU,1522444197,54,71.64,128.87,-18.67,5.61
353,uryupinsk,44,RU,1522444205,86,50.8,42.01,20.53,10.42
354,ucluelet,40,CA,1522440000,76,48.94,-125.55,50.0,6.93
355,siuna,56,NI,1522444133,73,13.73,-84.78,81.51,3.38
356,gawler,20,AU,1522441800,87,-34.6,138.75,51.8,4.16
357,tessalit,0,ML,1522444199,22,20.2,1.01,77.14,10.98
358,carutapera,88,BR,1522444200,92,-1.2,-46.02,80.02,3.04
359,zaraza,92,VE,1522444200,56,9.35,-65.33,86.05,12.77
360,waingapu,20,ID,1522444201,99,-9.65,120.26,70.03,1.7
361,kenai,1,US,1522439760,47,60.55,-151.26,33.8,13.87
362,aklavik,20,CA,1522440000,42,68.22,-135.01,8.6,4.7
363,nanortalik,0,GL,1522444203,100,60.14,-45.24,33.54,15.35
364,lorengau,0,PG,1522443951,100,-2.02,147.27,82.09,7.52
365,kerchevskiy,88,RU,1522444203,82,59.95,56.29,23.59,13.44
366,kyzyl-suu,0,KG,1522444211,100,42.34,78.0,34.71,2.93
367,beira,75,ES,1522443600,87,43.2,-8.36,46.4,19.46
368,akdagmadeni,88,TR,1522444205,98,39.66,35.88,36.96,2.59
369,clyde river,90,CA,1522442460,84,70.47,-68.59,3.2,16.11
370,teocuitatlan de corona,20,MX,1522439460,14,20.09,-103.38,82.4,11.41
371,camacha,20,PT,1522441800,67,33.08,-16.33,60.8,10.29
372,geraldton,20,CA,1522440000,33,49.72,-86.95,15.8,9.17
373,isangel,56,VU,1522444049,100,-19.55,169.27,79.57,17.58
374,buin,0,CL,1522443600,26,-33.73,-70.74,84.2,14.99
375,baryshivka,90,UA,1522441800,100,50.36,31.33,37.4,6.71
376,likasi,44,CD,1522444208,95,-10.99,26.74,64.63,4.38
377,jalu,0,LY,1522444208,47,29.03,21.55,60.99,7.07
378,college station,1,US,1522443300,40,30.63,-96.33,73.4,9.17
379,semypolky,90,UA,1522441800,100,50.72,30.95,37.4,6.71
380,anadyr,90,RU,1522440000,90,64.73,177.51,35.6,11.18
381,male,92,UA,1522444211,96,50.74,33.7,37.27,12.77
382,altay,92,CN,1522444211,88,47.83,88.13,32.41,5.61
383,quatre cocos,75,MU,1522440000,83,-20.21,57.76,80.6,9.17
384,manggar,56,ID,1522444219,100,-2.88,108.27,76.24,4.5
385,naze,20,NG,1522440000,79,5.43,7.07,84.2,6.93
386,rio grande,20,BR,1522440000,65,-32.03,-52.1,80.6,6.93
387,jensen beach,1,US,1522442100,48,27.25,-80.23,84.2,4.7
388,tilichiki,64,RU,1522444214,80,60.47,166.1,23.05,4.94
389,berdigestyakh,0,RU,1522444222,77,62.1,126.7,-4.18,2.93
390,puerto suarez,75,BO,1522440000,100,-18.96,-57.8,73.4,2.24
391,pundaguitan,0,PH,1522444223,100,6.37,126.17,81.78,4.72
392,hualmay,8,PE,1522444218,66,-11.1,-77.61,74.53,4.72
393,mahajanga,20,MG,1522440000,83,-15.72,46.32,78.8,2.24
394,karatuzskoye,92,RU,1522444228,99,53.61,92.87,31.83,4.16
395,pompeu,40,BR,1522440000,33,-21.05,-48.85,89.6,8.05
396,kahului,20,US,1522439760,69,20.89,-156.47,80.6,6.93
397,damaturu,0,NG,1522444223,29,11.75,11.96,78.13,8.75
398,broome,92,GB,1522443360,93,52.47,1.45,42.8,11.41
399,lac du bonnet,36,CA,1522444232,77,50.25,-96.06,16.08,7.96
400,grindavik,40,IS,1522441800,86,63.84,-22.43,37.4,5.82
401,miles city,90,US,1522443180,61,46.41,-105.84,48.2,24.16
402,ridge,92,GB,1522443000,100,51.69,-0.24,42.8,8.05
403,te anau,36,NZ,1522444226,96,-45.41,167.72,46.72,8.41
404,dong hoi,92,VN,1522444234,99,17.48,106.6,73.63,9.19
405,korsakov,0,RU,1522441800,69,46.63,142.78,35.6,13.42
406,khanpur,0,PK,1522444235,44,28.65,70.66,73.18,2.93
407,rognan,75,NO,1522443000,74,67.1,15.4,33.8,6.93
408,pecos,1,US,1522443300,21,31.42,-103.49,82.4,13.87
409,dongsheng,56,CN,1522444236,94,29.72,112.52,60.13,2.93
410,millinocket,90,US,1522441860,81,45.66,-68.71,44.6,6.93
411,batangafo,12,CF,1522444237,79,7.3,18.29,76.24,2.71
412,dores do indaia,44,BR,1522444170,54,-19.46,-45.6,79.57,3.49
413,sola,0,NO,1522443000,53,58.89,5.65,28.4,4.7
414,beaupre,75,CA,1522442640,89,47.04,-70.9,44.6,10.29
415,yuci,0,CN,1522441800,50,37.68,112.73,53.6,2.24
416,siderno,20,IT,1522443300,93,38.28,16.3,64.4,9.17
417,cortez,1,US,1522439580,13,37.35,-108.58,62.6,19.46
418,dire,0,ET,1522444241,58,9.18,38.92,52.26,5.95
419,tual,100,ID,1522444241,100,-5.67,132.75,82.81,7.4
420,tirumullaivasal,32,IN,1522444234,97,11.24,79.84,78.85,6.4
421,hanna,76,CA,1522444235,91,51.64,-111.93,9.19,12.77
422,ponta delgada,40,PT,1522441800,77,37.73,-25.67,60.8,19.46
423,arys,90,KZ,1522441800,27,42.43,68.8,73.4,6.71
424,esperance,20,TT,1522440000,58,10.24,-61.45,86.0,13.87
425,gizo,40,IL,1522441200,77,31.8,34.94,60.8,4.7
426,gat,24,SN,1522444238,34,14.69,-16.54,84.48,11.1
427,pangnirtung,90,CA,1522440000,92,66.15,-65.72,21.2,12.33
428,ladario,92,PT,1522444238,97,40.7,-7.74,40.42,11.21
429,tucuman,0,PE,1522444173,46,-17.17,-70.89,70.71,4.5
430,ambilobe,24,MG,1522444239,98,-13.19,49.05,69.67,2.93
431,sokoni,8,CD,1522444240,90,-12.89,28.78,66.43,2.37
432,slavutych,8,UA,1522444240,100,51.52,30.76,35.65,5.28
433,yeppoon,90,AU,1522443600,73,-23.13,150.74,77.0,8.05
434,dogondoutchi,12,NE,1522444241,25,13.64,4.03,80.02,6.85
435,kobryn,76,BY,1522444249,92,52.21,24.36,38.8,9.42
436,eagle pass,20,MX,1522438800,50,28.71,-100.5,78.8,6.93
437,rocha,32,UY,1522443978,71,-34.48,-54.34,77.86,4.38
438,harper,1,US,1522443300,30,30.3,-99.24,75.2,3.36
439,rutland,90,US,1522443360,65,43.61,-72.97,48.2,11.41
440,mackenzie,1,CA,1522440000,37,55.34,-123.09,17.6,3.36
441,kemptville,40,CA,1522443180,70,45.02,-75.64,42.8,10.29
442,moerai,8,PF,1522444245,99,-22.43,-151.33,82.14,4.38
443,tucupita,48,VE,1522444253,45,9.06,-62.05,89.61,8.97
444,donskoye,90,RU,1522441800,94,45.45,41.98,32.0,15.66
445,basco,1,US,1522442100,34,40.33,-91.2,51.8,13.87
446,chekhov,40,RU,1522441800,73,55.14,37.45,24.8,8.95
447,vanavara,88,RU,1522444049,95,60.35,102.28,32.05,10.65
448,graaff-reinet,0,ZA,1522444256,82,-32.25,24.53,59.01,6.62
449,tula,88,RU,1522444249,91,54.19,37.62,25.08,11.43
450,krasne,90,UA,1522441800,75,49.91,24.61,46.4,4.47
451,riyadh,90,SA,1522440000,16,24.63,46.72,75.2,19.46
452,san carlos del zulia,24,VE,1522444258,92,9.0,-71.91,82.14,3.38
453,moses lake,1,US,1522443180,25,47.13,-119.28,64.4,11.41
454,rio rancho,20,US,1522443180,16,35.27,-106.63,68.0,4.7
455,iqaluit,40,CA,1522440000,72,63.75,-68.52,10.4,18.34
456,kyren,12,RU,1522444253,66,51.68,102.13,34.57,6.62
457,kumba,0,CM,1522444253,91,4.64,9.44,70.53,2.26
458,corrente,44,BR,1522444253,49,-17.45,-44.68,79.98,3.94
459,vestmannaeyjar,88,IS,1522444011,100,63.44,-20.27,37.86,1.81
460,busayra,8,JO,1522444254,86,30.74,35.61,50.59,2.37
461,ulaangom,20,MN,1522444255,61,49.98,92.07,38.08,18.59
462,college,90,US,1522443480,73,64.86,-147.8,26.6,3.36
463,show low,1,US,1522442100,16,34.25,-110.03,69.8,11.41
464,taunggyi,0,MM,1522444255,84,20.78,97.03,55.27,1.48
465,tashara,8,RU,1522444264,74,55.52,83.51,13.74,8.97
466,itoman,40,JP,1522443360,68,26.12,127.67,69.8,14.99
467,windhoek,0,NA,1522440000,72,-22.57,17.08,66.2,3.36
468,maxixe,0,MZ,1522444259,100,-23.86,35.35,74.08,7.07
469,yinchuan,0,CN,1522444260,54,38.48,106.21,39.25,2.15
470,yaan,0,NG,1522444260,75,7.38,8.57,80.88,2.48
471,san quintin,0,PH,1522444268,87,17.54,120.52,63.73,3.15
472,istok,20,PL,1522444261,92,52.85,23.44,31.29,2.71
473,bitkine,0,TD,1522444269,51,11.98,18.21,76.11,4.5
474,sao joao da barra,0,BR,1522440000,61,-21.64,-41.05,82.4,9.17
475,goure,0,NE,1522444262,18,13.98,10.27,77.46,9.98
476,ciudad bolivar,44,VE,1522444271,30,8.12,-63.55,95.19,11.77
477,tautira,40,PF,1522441800,70,-17.73,-149.15,86.0,13.87
478,wangaratta,0,AU,1522443600,100,-36.36,146.32,51.8,1.12
479,livingstonia,32,MW,1522444264,100,-10.61,34.11,70.21,2.37
480,orocue,48,CO,1522444265,92,4.79,-71.34,80.65,10.09
481,basoko,44,CD,1522444273,91,1.23,23.61,74.35,5.61
482,camrose,75,CA,1522443600,60,53.01,-112.84,10.4,12.75
483,caravelas,0,BR,1522444047,100,-17.73,-39.27,78.85,11.54
484,avanigadda,88,IN,1522444274,90,16.02,80.92,80.79,7.4
485,boa vista,90,BR,1522443600,46,2.82,-60.67,91.4,8.05
486,hamilton,20,BM,1522439700,77,32.3,-64.78,69.8,5.82
487,raudeberg,56,NO,1522443000,50,61.99,5.14,30.2,6.93
488,vila franca do campo,40,PT,1522441800,77,37.72,-25.43,60.8,19.46
489,limulunga,56,ZM,1522444270,92,-15.13,23.15,67.6,3.15
490,bourail,76,NC,1522444271,88,-21.57,165.5,76.06,6.4
491,kindu,20,CD,1522444271,71,-2.95,25.92,76.6,3.6
492,am timan,0,TD,1522444279,50,11.04,20.28,77.91,3.6
493,dhanera,0,IN,1522444272,27,24.51,72.02,74.44,9.19
494,saint-augustin,0,FR,1522443600,50,44.83,-0.61,51.8,8.05
495,general roca,0,AR,1522440000,25,-39.03,-67.58,84.2,9.17
496,demmin,75,DE,1522441200,88,53.91,13.03,32.0,14.99
497,yar-sale,0,RU,1522444282,52,66.83,70.83,-17.95,8.97
498,port macquarie,100,AU,1522443600,93,-31.43,152.91,66.2,4.7
499,nouakchott,8,MR,1522444276,98,18.08,-15.98,65.8,10.42
500,ketchikan,20,US,1522443180,52,55.34,-131.65,46.4,12.75
501,imbituba,40,BR,1522440000,78,-28.24,-48.67,80.6,6.93
502,three hills,90,CA,1522443600,66,51.7,-113.27,14.0,10.29
503,mount gambier,0,AU,1522444278,91,-37.83,140.78,45.1,2.37
504,gorontalo,80,ID,1522444286,96,0.54,123.06,71.29,1.14
505,muros,75,ES,1522443600,100,42.77,-9.06,41.0,8.05
506,kasiri,0,SL,1522444287,91,8.94,-13.11,79.89,9.42
507,kautokeino,12,NO,1522443992,83,69.01,23.04,18.69,6.96
508,linxia,92,CN,1522444288,74,35.6,103.21,30.52,1.36
509,trinidad,0,UY,1522444281,45,-33.52,-56.9,84.84,3.04
510,miri,0,NG,1522444282,32,10.31,9.75,75.48,6.73
511,port lincoln,0,AU,1522444290,100,-34.72,135.86,55.9,3.94
512,mozarlandia,8,BR,1522444283,63,-14.74,-50.57,84.03,3.94
513,mayo,5,CA,1522440000,31,63.59,-135.9,21.2,3.36
514,fairlie,1,US,1522443360,33,33.31,-95.96,71.6,5.82
515,kalevala,0,FI,1522444285,73,64.12,29.58,8.2,2.48
516,amga,0,RU,1522444285,63,60.89,131.98,0.19,3.15
517,elk point,20,CA,1522443600,28,53.9,-110.9,14.0,14.99
518,iracoubo,80,GF,1522444294,69,5.48,-53.21,80.38,5.5
519,cockburn town,92,TC,1522444294,100,21.46,-71.14,75.84,15.23
520,bara,0,NG,1522444287,25,10.41,10.6,82.72,9.08
521,port-cartier,90,CA,1522441980,94,50.03,-66.88,32.0,10.29
522,abu samrah,0,SY,1522444296,77,35.3,37.18,51.94,8.75
523,husavik,64,CA,1522444289,100,50.56,-96.99,16.39,5.73
524,mangochi,36,MW,1522444297,96,-14.48,35.26,68.19,2.37
525,nadvoitsy,48,RU,1522444290,74,63.89,34.27,19.99,4.72
526,ostrovnoy,68,RU,1522444298,88,68.05,39.51,19.45,15.46
527,necochea,0,AR,1522444291,62,-38.55,-58.74,72.1,6.96
528,gampaha,40,LK,1522440600,74,7.09,80.0,84.2,8.05
529,kaihua,8,CN,1522444299,87,29.14,118.41,49.6,2.26
530,kouango,48,CF,1522444292,94,4.99,19.98,73.41,2.71
531,port antonio,20,JM,1522440000,62,18.18,-76.45,84.2,8.05
532,ouadda,24,CF,1522444301,93,8.07,22.4,71.02,2.71
533,beloha,0,MG,1522444041,79,-25.17,45.06,73.27,13.22
534,salina,1,US,1522443300,72,36.29,-95.15,62.6,3.36
535,hereford,92,GB,1522444227,99,52.06,-2.72,40.38,9.64
536,wanning,40,AT,1522443000,71,48.64,13.53,50.0,12.75
537,hobyo,0,SO,1522444297,93,5.35,48.53,78.22,4.16
538,khandyga,56,RU,1522444297,65,62.65,135.58,3.03,3.27
539,mudanya,0,TR,1522441200,93,40.38,28.88,53.6,1.12
540,lahaina,20,US,1522440120,83,20.87,-156.68,80.6,3.36
541,otanche,64,CO,1522444307,88,5.66,-74.18,73.81,2.37
542,sisimiut,88,GL,1522444300,95,66.94,-53.67,24.76,1.81
543,saurimo,44,AO,1522444308,91,-9.66,20.4,68.32,2.15
544,la rioja,0,AR,1522444075,42,-29.41,-66.86,84.88,2.93
545,mengcheng,12,CN,1522444301,93,33.26,116.57,53.92,6.73
546,sibolga,92,ID,1522444301,100,1.74,98.78,69.13,1.14
547,san policarpo,88,PH,1522444309,100,12.18,125.51,77.14,10.98
548,edd,0,ER,1522444302,67,13.93,41.69,67.24,2.26
549,gagarin,8,UZ,1522444303,57,40.66,68.17,63.82,14.9
550,harrisonburg,75,US,1522443300,50,38.45,-78.87,64.4,17.22
551,zemio,56,CF,1522444312,95,5.02,25.13,69.63,1.59
552,grants,1,US,1522443300,12,35.15,-107.85,68.0,6.93
